id;photo;photo_content_type;nom;prenom;adresse;email;mobile;date_naissance;classe
1;../data/blob/hipster.png;image/png;capacitor archive;sky blue Tasty Plastic Pizza;compress South Georgia and the South Sandwich Islands;Fletcher60@yahoo.com;bifurcated scalable;2020-03-18T19:01:42;CM1
2;../data/blob/hipster.png;image/png;index orange;Jewelery;monitor;Patsy.Russel@hotmail.com;world-class Frozen IB;2020-03-18T08:02:09;CE2
3;../data/blob/hipster.png;image/png;payment;withdrawal COM;embrace Developer;Noemi.Reichert@hotmail.com;Networked Sleek Metal Table Small;2020-03-18T12:27:03;CM1
4;../data/blob/hipster.png;image/png;withdrawal knowledge base Buckinghamshire;Concrete Investment Account Saint Lucia;User-centric;Lavinia.Green88@gmail.com;Auto Loan Account modular Refined;2020-03-18T12:02:17;CM2
5;../data/blob/hipster.png;image/png;back-end;granular Direct contextually-based;synergies copying;Ellsworth51@hotmail.com;supply-chains magenta;2020-03-18T20:07:05;CP
6;../data/blob/hipster.png;image/png;Gloves sky blue Oklahoma;robust Engineer;Exclusive Moroccan Dirham card;Eddie26@gmail.com;Analyst paradigms;2020-03-18T22:12:06;CM2
7;../data/blob/hipster.png;image/png;Public-key Granite;Way Dominican Republic;Bulgarian Lev navigate;Deanna.Rempel47@gmail.com;Orchestrator deliver;2020-03-18T03:24:02;CP
8;../data/blob/hipster.png;image/png;installation;Argentine Peso;Kentucky Algerian Dinar Clothing;Raleigh_Fahey@yahoo.com;Sausages;2020-03-18T06:24:45;CM2
9;../data/blob/hipster.png;image/png;Forint;Concrete Global SMS;Profound;Reanna_Wunsch@gmail.com;content-based Executive;2020-03-17T23:49:30;CP
10;../data/blob/hipster.png;image/png;cross-media;programming SCSI drive;invoice Unbranded Cheese;Marcella.Moen@hotmail.com;Unbranded invoice;2020-03-18T22:52:24;CP
