id;titre;contenu;contenu_content_type
1;Yuan Renminbi Centers;../data/blob/hipster.png;image/png
2;Factors;../data/blob/hipster.png;image/png
3;South Dakota envisioneer Music;../data/blob/hipster.png;image/png
4;Nakfa;../data/blob/hipster.png;image/png
5;Bahamian Dollar Investment Account;../data/blob/hipster.png;image/png
6;Games Regional Digitized;../data/blob/hipster.png;image/png
7;copy convergence;../data/blob/hipster.png;image/png
8;Mayotte;../data/blob/hipster.png;image/png
9;Industrial;../data/blob/hipster.png;image/png
10;connect Markets Chief;../data/blob/hipster.png;image/png
